Siglum,MS,CodexURN,Sequence,folioURN,RV
msChad,"The St. Chad Gospels, Lichfield Cathedral (Latin: 8th c. CE)",urn:cite:fufolio:msChad,1,urn:cite:fufolio:msChad.FrontBoardv,verso
msChad,"The St. Chad Gospels, Lichfield Cathedral (Latin: 8th c. CE)",urn:cite:fufolio:msChad,10,urn:cite:fufolio:msChad.5r,recto
msChad,"The St. Chad Gospels, Lichfield Cathedral (Latin: 8th c. CE)",urn:cite:fufolio:msChad,100,urn:cite:fufolio:msChad.50r,recto
msChad,"The St. Chad Gospels, Lichfield Cathedral (Latin: 8th c. CE)",urn:cite:fufolio:msChad,101,urn:cite:fufolio:msChad.50v,verso
msChad,"The St. Chad Gospels, Lichfield Cathedral (Latin: 8th c. CE)",urn:cite:fufolio:msChad,102,urn:cite:fufolio:msChad.51r,recto
msChad,"The St. Chad Gospels, Lichfield Cathedral (Latin: 8th c. CE)",urn:cite:fufolio:msChad,103,urn:cite:fufolio:msChad.51v,verso
msChad,"The St. Chad Gospels, Lichfield Cathedral (Latin: 8th c. CE)",urn:cite:fufolio:msChad,104,urn:cite:fufolio:msChad.52r,recto
msChad,"The St. Chad Gospels, Lichfield Cathedral (Latin: 8th c. CE)",urn:cite:fufolio:msChad,105,urn:cite:fufolio:msChad.52v,verso
msChad,"The St. Chad Gospels, Lichfield Cathedral (Latin: 8th c. CE)",urn:cite:fufolio:msChad,106,urn:cite:fufolio:msChad.53r,recto
msChad,"The St. Chad Gospels, Lichfield Cathedral (Latin: 8th c. CE)",urn:cite:fufolio:msChad,107,urn:cite:fufolio:msChad.53v,verso
msChad,"The St. Chad Gospels, Lichfield Cathedral (Latin: 8th c. CE)",urn:cite:fufolio:msChad,108,urn:cite:fufolio:msChad.54r,recto
msChad,"The St. Chad Gospels, Lichfield Cathedral (Latin: 8th c. CE)",urn:cite:fufolio:msChad,109,urn:cite:fufolio:msChad.54v,verso
msChad,"The St. Chad Gospels, Lichfield Cathedral (Latin: 8th c. CE)",urn:cite:fufolio:msChad,11,urn:cite:fufolio:msChad.5v,verso
msChad,"The St. Chad Gospels, Lichfield Cathedral (Latin: 8th c. CE)",urn:cite:fufolio:msChad,110,urn:cite:fufolio:msChad.55r,recto
msChad,"The St. Chad Gospels, Lichfield Cathedral (Latin: 8th c. CE)",urn:cite:fufolio:msChad,111,urn:cite:fufolio:msChad.55v,verso
msChad,"The St. Chad Gospels, Lichfield Cathedral (Latin: 8th c. CE)",urn:cite:fufolio:msChad,112,urn:cite:fufolio:msChad.56r,recto
msChad,"The St. Chad Gospels, Lichfield Cathedral (Latin: 8th c. CE)",urn:cite:fufolio:msChad,113,urn:cite:fufolio:msChad.56v,verso
msChad,"The St. Chad Gospels, Lichfield Cathedral (Latin: 8th c. CE)",urn:cite:fufolio:msChad,114,urn:cite:fufolio:msChad.57r,recto
msChad,"The St. Chad Gospels, Lichfield Cathedral (Latin: 8th c. CE)",urn:cite:fufolio:msChad,115,urn:cite:fufolio:msChad.57v,verso
msChad,"The St. Chad Gospels, Lichfield Cathedral (Latin: 8th c. CE)",urn:cite:fufolio:msChad,116,urn:cite:fufolio:msChad.58r,recto
msChad,"The St. Chad Gospels, Lichfield Cathedral (Latin: 8th c. CE)",urn:cite:fufolio:msChad,117,urn:cite:fufolio:msChad.58v,verso
msChad,"The St. Chad Gospels, Lichfield Cathedral (Latin: 8th c. CE)",urn:cite:fufolio:msChad,118,urn:cite:fufolio:msChad.59r,recto
msChad,"The St. Chad Gospels, Lichfield Cathedral (Latin: 8th c. CE)",urn:cite:fufolio:msChad,119,urn:cite:fufolio:msChad.59v,verso
msChad,"The St. Chad Gospels, Lichfield Cathedral (Latin: 8th c. CE)",urn:cite:fufolio:msChad,12,urn:cite:fufolio:msChad.6r,recto
msChad,"The St. Chad Gospels, Lichfield Cathedral (Latin: 8th c. CE)",urn:cite:fufolio:msChad,120,urn:cite:fufolio:msChad.60r,recto
msChad,"The St. Chad Gospels, Lichfield Cathedral (Latin: 8th c. CE)",urn:cite:fufolio:msChad,121,urn:cite:fufolio:msChad.60v,verso
msChad,"The St. Chad Gospels, Lichfield Cathedral (Latin: 8th c. CE)",urn:cite:fufolio:msChad,122,urn:cite:fufolio:msChad.61r,recto
msChad,"The St. Chad Gospels, Lichfield Cathedral (Latin: 8th c. CE)",urn:cite:fufolio:msChad,123,urn:cite:fufolio:msChad.61v,verso
msChad,"The St. Chad Gospels, Lichfield Cathedral (Latin: 8th c. CE)",urn:cite:fufolio:msChad,124,urn:cite:fufolio:msChad.62r,recto
msChad,"The St. Chad Gospels, Lichfield Cathedral (Latin: 8th c. CE)",urn:cite:fufolio:msChad,125,urn:cite:fufolio:msChad.62v,verso
msChad,"The St. Chad Gospels, Lichfield Cathedral (Latin: 8th c. CE)",urn:cite:fufolio:msChad,126,urn:cite:fufolio:msChad.63r,recto
msChad,"The St. Chad Gospels, Lichfield Cathedral (Latin: 8th c. CE)",urn:cite:fufolio:msChad,127,urn:cite:fufolio:msChad.63v,verso
msChad,"The St. Chad Gospels, Lichfield Cathedral (Latin: 8th c. CE)",urn:cite:fufolio:msChad,128,urn:cite:fufolio:msChad.64r,recto
msChad,"The St. Chad Gospels, Lichfield Cathedral (Latin: 8th c. CE)",urn:cite:fufolio:msChad,129,urn:cite:fufolio:msChad.64v,verso
msChad,"The St. Chad Gospels, Lichfield Cathedral (Latin: 8th c. CE)",urn:cite:fufolio:msChad,13,urn:cite:fufolio:msChad.6v,verso
msChad,"The St. Chad Gospels, Lichfield Cathedral (Latin: 8th c. CE)",urn:cite:fufolio:msChad,130,urn:cite:fufolio:msChad.65r,recto
msChad,"The St. Chad Gospels, Lichfield Cathedral (Latin: 8th c. CE)",urn:cite:fufolio:msChad,131,urn:cite:fufolio:msChad.65v,verso
msChad,"The St. Chad Gospels, Lichfield Cathedral (Latin: 8th c. CE)",urn:cite:fufolio:msChad,132,urn:cite:fufolio:msChad.66r,recto
msChad,"The St. Chad Gospels, Lichfield Cathedral (Latin: 8th c. CE)",urn:cite:fufolio:msChad,133,urn:cite:fufolio:msChad.66v,verso
msChad,"The St. Chad Gospels, Lichfield Cathedral (Latin: 8th c. CE)",urn:cite:fufolio:msChad,134,urn:cite:fufolio:msChad.67r,recto
msChad,"The St. Chad Gospels, Lichfield Cathedral (Latin: 8th c. CE)",urn:cite:fufolio:msChad,135,urn:cite:fufolio:msChad.67v,verso
msChad,"The St. Chad Gospels, Lichfield Cathedral (Latin: 8th c. CE)",urn:cite:fufolio:msChad,136,urn:cite:fufolio:msChad.68r,recto
msChad,"The St. Chad Gospels, Lichfield Cathedral (Latin: 8th c. CE)",urn:cite:fufolio:msChad,137,urn:cite:fufolio:msChad.68v,verso
msChad,"The St. Chad Gospels, Lichfield Cathedral (Latin: 8th c. CE)",urn:cite:fufolio:msChad,138,urn:cite:fufolio:msChad.69r,recto
msChad,"The St. Chad Gospels, Lichfield Cathedral (Latin: 8th c. CE)",urn:cite:fufolio:msChad,139,urn:cite:fufolio:msChad.69v,verso
msChad,"The St. Chad Gospels, Lichfield Cathedral (Latin: 8th c. CE)",urn:cite:fufolio:msChad,14,urn:cite:fufolio:msChad.7r,recto
msChad,"The St. Chad Gospels, Lichfield Cathedral (Latin: 8th c. CE)",urn:cite:fufolio:msChad,140,urn:cite:fufolio:msChad.70r,recto
msChad,"The St. Chad Gospels, Lichfield Cathedral (Latin: 8th c. CE)",urn:cite:fufolio:msChad,141,urn:cite:fufolio:msChad.70v,verso
msChad,"The St. Chad Gospels, Lichfield Cathedral (Latin: 8th c. CE)",urn:cite:fufolio:msChad,142,urn:cite:fufolio:msChad.71r,recto
msChad,"The St. Chad Gospels, Lichfield Cathedral (Latin: 8th c. CE)",urn:cite:fufolio:msChad,143,urn:cite:fufolio:msChad.71v,verso
msChad,"The St. Chad Gospels, Lichfield Cathedral (Latin: 8th c. CE)",urn:cite:fufolio:msChad,144,urn:cite:fufolio:msChad.72r,recto
msChad,"The St. Chad Gospels, Lichfield Cathedral (Latin: 8th c. CE)",urn:cite:fufolio:msChad,145,urn:cite:fufolio:msChad.72v,verso
msChad,"The St. Chad Gospels, Lichfield Cathedral (Latin: 8th c. CE)",urn:cite:fufolio:msChad,146,urn:cite:fufolio:msChad.73r,recto
msChad,"The St. Chad Gospels, Lichfield Cathedral (Latin: 8th c. CE)",urn:cite:fufolio:msChad,147,urn:cite:fufolio:msChad.73v,verso
msChad,"The St. Chad Gospels, Lichfield Cathedral (Latin: 8th c. CE)",urn:cite:fufolio:msChad,148,urn:cite:fufolio:msChad.74r,recto
msChad,"The St. Chad Gospels, Lichfield Cathedral (Latin: 8th c. CE)",urn:cite:fufolio:msChad,149,urn:cite:fufolio:msChad.74v,verso
msChad,"The St. Chad Gospels, Lichfield Cathedral (Latin: 8th c. CE)",urn:cite:fufolio:msChad,15,urn:cite:fufolio:msChad.7v,verso
msChad,"The St. Chad Gospels, Lichfield Cathedral (Latin: 8th c. CE)",urn:cite:fufolio:msChad,150,urn:cite:fufolio:msChad.75r,recto
msChad,"The St. Chad Gospels, Lichfield Cathedral (Latin: 8th c. CE)",urn:cite:fufolio:msChad,151,urn:cite:fufolio:msChad.75v,verso
msChad,"The St. Chad Gospels, Lichfield Cathedral (Latin: 8th c. CE)",urn:cite:fufolio:msChad,152,urn:cite:fufolio:msChad.76r,recto
msChad,"The St. Chad Gospels, Lichfield Cathedral (Latin: 8th c. CE)",urn:cite:fufolio:msChad,153,urn:cite:fufolio:msChad.76v,verso
msChad,"The St. Chad Gospels, Lichfield Cathedral (Latin: 8th c. CE)",urn:cite:fufolio:msChad,154,urn:cite:fufolio:msChad.77r,recto
msChad,"The St. Chad Gospels, Lichfield Cathedral (Latin: 8th c. CE)",urn:cite:fufolio:msChad,155,urn:cite:fufolio:msChad.77v,verso
msChad,"The St. Chad Gospels, Lichfield Cathedral (Latin: 8th c. CE)",urn:cite:fufolio:msChad,156,urn:cite:fufolio:msChad.78r,recto
msChad,"The St. Chad Gospels, Lichfield Cathedral (Latin: 8th c. CE)",urn:cite:fufolio:msChad,157,urn:cite:fufolio:msChad.78v,verso
msChad,"The St. Chad Gospels, Lichfield Cathedral (Latin: 8th c. CE)",urn:cite:fufolio:msChad,158,urn:cite:fufolio:msChad.79r,recto
msChad,"The St. Chad Gospels, Lichfield Cathedral (Latin: 8th c. CE)",urn:cite:fufolio:msChad,159,urn:cite:fufolio:msChad.79v,verso
msChad,"The St. Chad Gospels, Lichfield Cathedral (Latin: 8th c. CE)",urn:cite:fufolio:msChad,16,urn:cite:fufolio:msChad.8r,recto
msChad,"The St. Chad Gospels, Lichfield Cathedral (Latin: 8th c. CE)",urn:cite:fufolio:msChad,160,urn:cite:fufolio:msChad.80r,recto
msChad,"The St. Chad Gospels, Lichfield Cathedral (Latin: 8th c. CE)",urn:cite:fufolio:msChad,161,urn:cite:fufolio:msChad.80v,verso
msChad,"The St. Chad Gospels, Lichfield Cathedral (Latin: 8th c. CE)",urn:cite:fufolio:msChad,162,urn:cite:fufolio:msChad.81r,recto
msChad,"The St. Chad Gospels, Lichfield Cathedral (Latin: 8th c. CE)",urn:cite:fufolio:msChad,163,urn:cite:fufolio:msChad.81v,verso
msChad,"The St. Chad Gospels, Lichfield Cathedral (Latin: 8th c. CE)",urn:cite:fufolio:msChad,164,urn:cite:fufolio:msChad.82r,recto
msChad,"The St. Chad Gospels, Lichfield Cathedral (Latin: 8th c. CE)",urn:cite:fufolio:msChad,165,urn:cite:fufolio:msChad.82v,verso
msChad,"The St. Chad Gospels, Lichfield Cathedral (Latin: 8th c. CE)",urn:cite:fufolio:msChad,166,urn:cite:fufolio:msChad.83r,recto
msChad,"The St. Chad Gospels, Lichfield Cathedral (Latin: 8th c. CE)",urn:cite:fufolio:msChad,167,urn:cite:fufolio:msChad.83v,verso
msChad,"The St. Chad Gospels, Lichfield Cathedral (Latin: 8th c. CE)",urn:cite:fufolio:msChad,168,urn:cite:fufolio:msChad.84r,recto
msChad,"The St. Chad Gospels, Lichfield Cathedral (Latin: 8th c. CE)",urn:cite:fufolio:msChad,169,urn:cite:fufolio:msChad.84v,verso
msChad,"The St. Chad Gospels, Lichfield Cathedral (Latin: 8th c. CE)",urn:cite:fufolio:msChad,17,urn:cite:fufolio:msChad.8v,verso
msChad,"The St. Chad Gospels, Lichfield Cathedral (Latin: 8th c. CE)",urn:cite:fufolio:msChad,170,urn:cite:fufolio:msChad.85r,recto
msChad,"The St. Chad Gospels, Lichfield Cathedral (Latin: 8th c. CE)",urn:cite:fufolio:msChad,171,urn:cite:fufolio:msChad.85v,verso
msChad,"The St. Chad Gospels, Lichfield Cathedral (Latin: 8th c. CE)",urn:cite:fufolio:msChad,172,urn:cite:fufolio:msChad.86r,recto
msChad,"The St. Chad Gospels, Lichfield Cathedral (Latin: 8th c. CE)",urn:cite:fufolio:msChad,173,urn:cite:fufolio:msChad.86v,verso
msChad,"The St. Chad Gospels, Lichfield Cathedral (Latin: 8th c. CE)",urn:cite:fufolio:msChad,174,urn:cite:fufolio:msChad.87r,recto
msChad,"The St. Chad Gospels, Lichfield Cathedral (Latin: 8th c. CE)",urn:cite:fufolio:msChad,175,urn:cite:fufolio:msChad.87v,verso
msChad,"The St. Chad Gospels, Lichfield Cathedral (Latin: 8th c. CE)",urn:cite:fufolio:msChad,176,urn:cite:fufolio:msChad.88r,recto
msChad,"The St. Chad Gospels, Lichfield Cathedral (Latin: 8th c. CE)",urn:cite:fufolio:msChad,177,urn:cite:fufolio:msChad.88v,verso
msChad,"The St. Chad Gospels, Lichfield Cathedral (Latin: 8th c. CE)",urn:cite:fufolio:msChad,178,urn:cite:fufolio:msChad.89r,recto
msChad,"The St. Chad Gospels, Lichfield Cathedral (Latin: 8th c. CE)",urn:cite:fufolio:msChad,179,urn:cite:fufolio:msChad.89v,verso
msChad,"The St. Chad Gospels, Lichfield Cathedral (Latin: 8th c. CE)",urn:cite:fufolio:msChad,18,urn:cite:fufolio:msChad.9r,recto
msChad,"The St. Chad Gospels, Lichfield Cathedral (Latin: 8th c. CE)",urn:cite:fufolio:msChad,180,urn:cite:fufolio:msChad.90r,recto
msChad,"The St. Chad Gospels, Lichfield Cathedral (Latin: 8th c. CE)",urn:cite:fufolio:msChad,181,urn:cite:fufolio:msChad.90v,verso
msChad,"The St. Chad Gospels, Lichfield Cathedral (Latin: 8th c. CE)",urn:cite:fufolio:msChad,182,urn:cite:fufolio:msChad.91r,recto
msChad,"The St. Chad Gospels, Lichfield Cathedral (Latin: 8th c. CE)",urn:cite:fufolio:msChad,183,urn:cite:fufolio:msChad.91v,verso
msChad,"The St. Chad Gospels, Lichfield Cathedral (Latin: 8th c. CE)",urn:cite:fufolio:msChad,184,urn:cite:fufolio:msChad.92r,recto
msChad,"The St. Chad Gospels, Lichfield Cathedral (Latin: 8th c. CE)",urn:cite:fufolio:msChad,185,urn:cite:fufolio:msChad.92v,verso
msChad,"The St. Chad Gospels, Lichfield Cathedral (Latin: 8th c. CE)",urn:cite:fufolio:msChad,186,urn:cite:fufolio:msChad.93r,recto
msChad,"The St. Chad Gospels, Lichfield Cathedral (Latin: 8th c. CE)",urn:cite:fufolio:msChad,187,urn:cite:fufolio:msChad.93v,verso
msChad,"The St. Chad Gospels, Lichfield Cathedral (Latin: 8th c. CE)",urn:cite:fufolio:msChad,188,urn:cite:fufolio:msChad.94r,recto
msChad,"The St. Chad Gospels, Lichfield Cathedral (Latin: 8th c. CE)",urn:cite:fufolio:msChad,189,urn:cite:fufolio:msChad.94v,verso
msChad,"The St. Chad Gospels, Lichfield Cathedral (Latin: 8th c. CE)",urn:cite:fufolio:msChad,19,urn:cite:fufolio:msChad.9v,verso
msChad,"The St. Chad Gospels, Lichfield Cathedral (Latin: 8th c. CE)",urn:cite:fufolio:msChad,190,urn:cite:fufolio:msChad.95r,recto
msChad,"The St. Chad Gospels, Lichfield Cathedral (Latin: 8th c. CE)",urn:cite:fufolio:msChad,191,urn:cite:fufolio:msChad.95v,verso
msChad,"The St. Chad Gospels, Lichfield Cathedral (Latin: 8th c. CE)",urn:cite:fufolio:msChad,192,urn:cite:fufolio:msChad.96r,recto
msChad,"The St. Chad Gospels, Lichfield Cathedral (Latin: 8th c. CE)",urn:cite:fufolio:msChad,193,urn:cite:fufolio:msChad.96v,verso
msChad,"The St. Chad Gospels, Lichfield Cathedral (Latin: 8th c. CE)",urn:cite:fufolio:msChad,194,urn:cite:fufolio:msChad.97r,recto
msChad,"The St. Chad Gospels, Lichfield Cathedral (Latin: 8th c. CE)",urn:cite:fufolio:msChad,195,urn:cite:fufolio:msChad.97v,verso
msChad,"The St. Chad Gospels, Lichfield Cathedral (Latin: 8th c. CE)",urn:cite:fufolio:msChad,196,urn:cite:fufolio:msChad.98r,recto
msChad,"The St. Chad Gospels, Lichfield Cathedral (Latin: 8th c. CE)",urn:cite:fufolio:msChad,197,urn:cite:fufolio:msChad.98v,verso
msChad,"The St. Chad Gospels, Lichfield Cathedral (Latin: 8th c. CE)",urn:cite:fufolio:msChad,198,urn:cite:fufolio:msChad.99r,recto
msChad,"The St. Chad Gospels, Lichfield Cathedral (Latin: 8th c. CE)",urn:cite:fufolio:msChad,199,urn:cite:fufolio:msChad.99v,verso
msChad,"The St. Chad Gospels, Lichfield Cathedral (Latin: 8th c. CE)",urn:cite:fufolio:msChad,2,urn:cite:fufolio:msChad.1r,recto
msChad,"The St. Chad Gospels, Lichfield Cathedral (Latin: 8th c. CE)",urn:cite:fufolio:msChad,20,urn:cite:fufolio:msChad.10r,recto
msChad,"The St. Chad Gospels, Lichfield Cathedral (Latin: 8th c. CE)",urn:cite:fufolio:msChad,200,urn:cite:fufolio:msChad.100r,recto
msChad,"The St. Chad Gospels, Lichfield Cathedral (Latin: 8th c. CE)",urn:cite:fufolio:msChad,201,urn:cite:fufolio:msChad.100v,verso
msChad,"The St. Chad Gospels, Lichfield Cathedral (Latin: 8th c. CE)",urn:cite:fufolio:msChad,202,urn:cite:fufolio:msChad.101r,recto
msChad,"The St. Chad Gospels, Lichfield Cathedral (Latin: 8th c. CE)",urn:cite:fufolio:msChad,203,urn:cite:fufolio:msChad.101v,verso
msChad,"The St. Chad Gospels, Lichfield Cathedral (Latin: 8th c. CE)",urn:cite:fufolio:msChad,204,urn:cite:fufolio:msChad.102r,recto
msChad,"The St. Chad Gospels, Lichfield Cathedral (Latin: 8th c. CE)",urn:cite:fufolio:msChad,205,urn:cite:fufolio:msChad.102v,verso
msChad,"The St. Chad Gospels, Lichfield Cathedral (Latin: 8th c. CE)",urn:cite:fufolio:msChad,206,urn:cite:fufolio:msChad.103r,recto
msChad,"The St. Chad Gospels, Lichfield Cathedral (Latin: 8th c. CE)",urn:cite:fufolio:msChad,207,urn:cite:fufolio:msChad.103v,verso
msChad,"The St. Chad Gospels, Lichfield Cathedral (Latin: 8th c. CE)",urn:cite:fufolio:msChad,208,urn:cite:fufolio:msChad.104r,recto
msChad,"The St. Chad Gospels, Lichfield Cathedral (Latin: 8th c. CE)",urn:cite:fufolio:msChad,209,urn:cite:fufolio:msChad.104v,verso
msChad,"The St. Chad Gospels, Lichfield Cathedral (Latin: 8th c. CE)",urn:cite:fufolio:msChad,21,urn:cite:fufolio:msChad.10v,verso
msChad,"The St. Chad Gospels, Lichfield Cathedral (Latin: 8th c. CE)",urn:cite:fufolio:msChad,210,urn:cite:fufolio:msChad.105r,recto
msChad,"The St. Chad Gospels, Lichfield Cathedral (Latin: 8th c. CE)",urn:cite:fufolio:msChad,211,urn:cite:fufolio:msChad.105v,verso
msChad,"The St. Chad Gospels, Lichfield Cathedral (Latin: 8th c. CE)",urn:cite:fufolio:msChad,212,urn:cite:fufolio:msChad.106r,recto
msChad,"The St. Chad Gospels, Lichfield Cathedral (Latin: 8th c. CE)",urn:cite:fufolio:msChad,213,urn:cite:fufolio:msChad.106v,verso
msChad,"The St. Chad Gospels, Lichfield Cathedral (Latin: 8th c. CE)",urn:cite:fufolio:msChad,214,urn:cite:fufolio:msChad.107r,recto
msChad,"The St. Chad Gospels, Lichfield Cathedral (Latin: 8th c. CE)",urn:cite:fufolio:msChad,215,urn:cite:fufolio:msChad.107v,verso
msChad,"The St. Chad Gospels, Lichfield Cathedral (Latin: 8th c. CE)",urn:cite:fufolio:msChad,216,urn:cite:fufolio:msChad.108r,recto
msChad,"The St. Chad Gospels, Lichfield Cathedral (Latin: 8th c. CE)",urn:cite:fufolio:msChad,217,urn:cite:fufolio:msChad.108v,verso
msChad,"The St. Chad Gospels, Lichfield Cathedral (Latin: 8th c. CE)",urn:cite:fufolio:msChad,218,urn:cite:fufolio:msChad.109r,recto
msChad,"The St. Chad Gospels, Lichfield Cathedral (Latin: 8th c. CE)",urn:cite:fufolio:msChad,219,urn:cite:fufolio:msChad.109v,verso
msChad,"The St. Chad Gospels, Lichfield Cathedral (Latin: 8th c. CE)",urn:cite:fufolio:msChad,22,urn:cite:fufolio:msChad.11r,recto
msChad,"The St. Chad Gospels, Lichfield Cathedral (Latin: 8th c. CE)",urn:cite:fufolio:msChad,220,urn:cite:fufolio:msChad.110r,recto
msChad,"The St. Chad Gospels, Lichfield Cathedral (Latin: 8th c. CE)",urn:cite:fufolio:msChad,221,urn:cite:fufolio:msChad.110v,verso
msChad,"The St. Chad Gospels, Lichfield Cathedral (Latin: 8th c. CE)",urn:cite:fufolio:msChad,222,urn:cite:fufolio:msChad.111r,recto
msChad,"The St. Chad Gospels, Lichfield Cathedral (Latin: 8th c. CE)",urn:cite:fufolio:msChad,223,urn:cite:fufolio:msChad.111v,verso
msChad,"The St. Chad Gospels, Lichfield Cathedral (Latin: 8th c. CE)",urn:cite:fufolio:msChad,224,urn:cite:fufolio:msChad.112r,recto
msChad,"The St. Chad Gospels, Lichfield Cathedral (Latin: 8th c. CE)",urn:cite:fufolio:msChad,225,urn:cite:fufolio:msChad.112v,verso
msChad,"The St. Chad Gospels, Lichfield Cathedral (Latin: 8th c. CE)",urn:cite:fufolio:msChad,226,urn:cite:fufolio:msChad.113r,recto
msChad,"The St. Chad Gospels, Lichfield Cathedral (Latin: 8th c. CE)",urn:cite:fufolio:msChad,227,urn:cite:fufolio:msChad.113v,verso
msChad,"The St. Chad Gospels, Lichfield Cathedral (Latin: 8th c. CE)",urn:cite:fufolio:msChad,228,urn:cite:fufolio:msChad.114r,recto
msChad,"The St. Chad Gospels, Lichfield Cathedral (Latin: 8th c. CE)",urn:cite:fufolio:msChad,229,urn:cite:fufolio:msChad.114v,verso
msChad,"The St. Chad Gospels, Lichfield Cathedral (Latin: 8th c. CE)",urn:cite:fufolio:msChad,23,urn:cite:fufolio:msChad.11v,verso
msChad,"The St. Chad Gospels, Lichfield Cathedral (Latin: 8th c. CE)",urn:cite:fufolio:msChad,230,urn:cite:fufolio:msChad.115r,recto
msChad,"The St. Chad Gospels, Lichfield Cathedral (Latin: 8th c. CE)",urn:cite:fufolio:msChad,231,urn:cite:fufolio:msChad.115v,verso
msChad,"The St. Chad Gospels, Lichfield Cathedral (Latin: 8th c. CE)",urn:cite:fufolio:msChad,232,urn:cite:fufolio:msChad.116r,recto
msChad,"The St. Chad Gospels, Lichfield Cathedral (Latin: 8th c. CE)",urn:cite:fufolio:msChad,233,urn:cite:fufolio:msChad.116v,verso
msChad,"The St. Chad Gospels, Lichfield Cathedral (Latin: 8th c. CE)",urn:cite:fufolio:msChad,234,urn:cite:fufolio:msChad.117r,recto
msChad,"The St. Chad Gospels, Lichfield Cathedral (Latin: 8th c. CE)",urn:cite:fufolio:msChad,235,urn:cite:fufolio:msChad.117v,verso
msChad,"The St. Chad Gospels, Lichfield Cathedral (Latin: 8th c. CE)",urn:cite:fufolio:msChad,236,urn:cite:fufolio:msChad.118r,recto
msChad,"The St. Chad Gospels, Lichfield Cathedral (Latin: 8th c. CE)",urn:cite:fufolio:msChad,237,urn:cite:fufolio:msChad.118v,verso
msChad,"The St. Chad Gospels, Lichfield Cathedral (Latin: 8th c. CE)",urn:cite:fufolio:msChad,238,urn:cite:fufolio:msChad.fly1r,recto
msChad,"The St. Chad Gospels, Lichfield Cathedral (Latin: 8th c. CE)",urn:cite:fufolio:msChad,239,urn:cite:fufolio:msChad.fly1v,verso
msChad,"The St. Chad Gospels, Lichfield Cathedral (Latin: 8th c. CE)",urn:cite:fufolio:msChad,24,urn:cite:fufolio:msChad.12r,recto
msChad,"The St. Chad Gospels, Lichfield Cathedral (Latin: 8th c. CE)",urn:cite:fufolio:msChad,240,urn:cite:fufolio:msChad.fly2r,recto
msChad,"The St. Chad Gospels, Lichfield Cathedral (Latin: 8th c. CE)",urn:cite:fufolio:msChad,241,urn:cite:fufolio:msChad.fly2v,verso
msChad,"The St. Chad Gospels, Lichfield Cathedral (Latin: 8th c. CE)",urn:cite:fufolio:msChad,242,urn:cite:fufolio:msChad.fly3r,recto
msChad,"The St. Chad Gospels, Lichfield Cathedral (Latin: 8th c. CE)",urn:cite:fufolio:msChad,243,urn:cite:fufolio:msChad.fly3v,verso
msChad,"The St. Chad Gospels, Lichfield Cathedral (Latin: 8th c. CE)",urn:cite:fufolio:msChad,244,urn:cite:fufolio:msChad.fly4r,recto
msChad,"The St. Chad Gospels, Lichfield Cathedral (Latin: 8th c. CE)",urn:cite:fufolio:msChad,245,urn:cite:fufolio:msChad.fly4v,verso
msChad,"The St. Chad Gospels, Lichfield Cathedral (Latin: 8th c. CE)",urn:cite:fufolio:msChad,246,urn:cite:fufolio:msChad.fly5r,recto
msChad,"The St. Chad Gospels, Lichfield Cathedral (Latin: 8th c. CE)",urn:cite:fufolio:msChad,247,urn:cite:fufolio:msChad.fly5v,verso
msChad,"The St. Chad Gospels, Lichfield Cathedral (Latin: 8th c. CE)",urn:cite:fufolio:msChad,248,urn:cite:fufolio:msChad.fly6r,recto
msChad,"The St. Chad Gospels, Lichfield Cathedral (Latin: 8th c. CE)",urn:cite:fufolio:msChad,249,urn:cite:fufolio:msChad.fly6v,verso
msChad,"The St. Chad Gospels, Lichfield Cathedral (Latin: 8th c. CE)",urn:cite:fufolio:msChad,25,urn:cite:fufolio:msChad.12v,verso
msChad,"The St. Chad Gospels, Lichfield Cathedral (Latin: 8th c. CE)",urn:cite:fufolio:msChad,250,urn:cite:fufolio:msChad.BackBoardr,recto
msChad,"The St. Chad Gospels, Lichfield Cathedral (Latin: 8th c. CE)",urn:cite:fufolio:msChad,26,urn:cite:fufolio:msChad.13r,recto
msChad,"The St. Chad Gospels, Lichfield Cathedral (Latin: 8th c. CE)",urn:cite:fufolio:msChad,27,urn:cite:fufolio:msChad.13v,verso
msChad,"The St. Chad Gospels, Lichfield Cathedral (Latin: 8th c. CE)",urn:cite:fufolio:msChad,28,urn:cite:fufolio:msChad.14r,recto
msChad,"The St. Chad Gospels, Lichfield Cathedral (Latin: 8th c. CE)",urn:cite:fufolio:msChad,29,urn:cite:fufolio:msChad.14v,verso
msChad,"The St. Chad Gospels, Lichfield Cathedral (Latin: 8th c. CE)",urn:cite:fufolio:msChad,3,urn:cite:fufolio:msChad.1v,verso
msChad,"The St. Chad Gospels, Lichfield Cathedral (Latin: 8th c. CE)",urn:cite:fufolio:msChad,30,urn:cite:fufolio:msChad.15r,recto
msChad,"The St. Chad Gospels, Lichfield Cathedral (Latin: 8th c. CE)",urn:cite:fufolio:msChad,31,urn:cite:fufolio:msChad.15v,verso
msChad,"The St. Chad Gospels, Lichfield Cathedral (Latin: 8th c. CE)",urn:cite:fufolio:msChad,32,urn:cite:fufolio:msChad.16r,recto
msChad,"The St. Chad Gospels, Lichfield Cathedral (Latin: 8th c. CE)",urn:cite:fufolio:msChad,33,urn:cite:fufolio:msChad.16v,verso
msChad,"The St. Chad Gospels, Lichfield Cathedral (Latin: 8th c. CE)",urn:cite:fufolio:msChad,34,urn:cite:fufolio:msChad.17r,recto
msChad,"The St. Chad Gospels, Lichfield Cathedral (Latin: 8th c. CE)",urn:cite:fufolio:msChad,35,urn:cite:fufolio:msChad.17v,verso
msChad,"The St. Chad Gospels, Lichfield Cathedral (Latin: 8th c. CE)",urn:cite:fufolio:msChad,36,urn:cite:fufolio:msChad.18r,recto
msChad,"The St. Chad Gospels, Lichfield Cathedral (Latin: 8th c. CE)",urn:cite:fufolio:msChad,37,urn:cite:fufolio:msChad.18v,verso
msChad,"The St. Chad Gospels, Lichfield Cathedral (Latin: 8th c. CE)",urn:cite:fufolio:msChad,38,urn:cite:fufolio:msChad.19r,recto
msChad,"The St. Chad Gospels, Lichfield Cathedral (Latin: 8th c. CE)",urn:cite:fufolio:msChad,39,urn:cite:fufolio:msChad.19v,verso
msChad,"The St. Chad Gospels, Lichfield Cathedral (Latin: 8th c. CE)",urn:cite:fufolio:msChad,4,urn:cite:fufolio:msChad.2r,recto
msChad,"The St. Chad Gospels, Lichfield Cathedral (Latin: 8th c. CE)",urn:cite:fufolio:msChad,40,urn:cite:fufolio:msChad.20r,recto
msChad,"The St. Chad Gospels, Lichfield Cathedral (Latin: 8th c. CE)",urn:cite:fufolio:msChad,41,urn:cite:fufolio:msChad.20v,verso
msChad,"The St. Chad Gospels, Lichfield Cathedral (Latin: 8th c. CE)",urn:cite:fufolio:msChad,42,urn:cite:fufolio:msChad.21r,recto
msChad,"The St. Chad Gospels, Lichfield Cathedral (Latin: 8th c. CE)",urn:cite:fufolio:msChad,43,urn:cite:fufolio:msChad.21v,verso
msChad,"The St. Chad Gospels, Lichfield Cathedral (Latin: 8th c. CE)",urn:cite:fufolio:msChad,44,urn:cite:fufolio:msChad.22r,recto
msChad,"The St. Chad Gospels, Lichfield Cathedral (Latin: 8th c. CE)",urn:cite:fufolio:msChad,45,urn:cite:fufolio:msChad.22v,verso
msChad,"The St. Chad Gospels, Lichfield Cathedral (Latin: 8th c. CE)",urn:cite:fufolio:msChad,46,urn:cite:fufolio:msChad.23r,recto
msChad,"The St. Chad Gospels, Lichfield Cathedral (Latin: 8th c. CE)",urn:cite:fufolio:msChad,47,urn:cite:fufolio:msChad.23v,verso
msChad,"The St. Chad Gospels, Lichfield Cathedral (Latin: 8th c. CE)",urn:cite:fufolio:msChad,48,urn:cite:fufolio:msChad.24r,recto
msChad,"The St. Chad Gospels, Lichfield Cathedral (Latin: 8th c. CE)",urn:cite:fufolio:msChad,49,urn:cite:fufolio:msChad.24v,verso
msChad,"The St. Chad Gospels, Lichfield Cathedral (Latin: 8th c. CE)",urn:cite:fufolio:msChad,5,urn:cite:fufolio:msChad.2v,verso
msChad,"The St. Chad Gospels, Lichfield Cathedral (Latin: 8th c. CE)",urn:cite:fufolio:msChad,50,urn:cite:fufolio:msChad.25r,recto
msChad,"The St. Chad Gospels, Lichfield Cathedral (Latin: 8th c. CE)",urn:cite:fufolio:msChad,51,urn:cite:fufolio:msChad.25v,verso
msChad,"The St. Chad Gospels, Lichfield Cathedral (Latin: 8th c. CE)",urn:cite:fufolio:msChad,52,urn:cite:fufolio:msChad.26r,recto
msChad,"The St. Chad Gospels, Lichfield Cathedral (Latin: 8th c. CE)",urn:cite:fufolio:msChad,53,urn:cite:fufolio:msChad.26v,verso
msChad,"The St. Chad Gospels, Lichfield Cathedral (Latin: 8th c. CE)",urn:cite:fufolio:msChad,54,urn:cite:fufolio:msChad.27r,recto
msChad,"The St. Chad Gospels, Lichfield Cathedral (Latin: 8th c. CE)",urn:cite:fufolio:msChad,55,urn:cite:fufolio:msChad.27v,verso
msChad,"The St. Chad Gospels, Lichfield Cathedral (Latin: 8th c. CE)",urn:cite:fufolio:msChad,56,urn:cite:fufolio:msChad.28r,recto
msChad,"The St. Chad Gospels, Lichfield Cathedral (Latin: 8th c. CE)",urn:cite:fufolio:msChad,57,urn:cite:fufolio:msChad.28v,verso
msChad,"The St. Chad Gospels, Lichfield Cathedral (Latin: 8th c. CE)",urn:cite:fufolio:msChad,58,urn:cite:fufolio:msChad.29r,recto
msChad,"The St. Chad Gospels, Lichfield Cathedral (Latin: 8th c. CE)",urn:cite:fufolio:msChad,59,urn:cite:fufolio:msChad.29v,verso
msChad,"The St. Chad Gospels, Lichfield Cathedral (Latin: 8th c. CE)",urn:cite:fufolio:msChad,6,urn:cite:fufolio:msChad.3r,recto
msChad,"The St. Chad Gospels, Lichfield Cathedral (Latin: 8th c. CE)",urn:cite:fufolio:msChad,60,urn:cite:fufolio:msChad.30r,recto
msChad,"The St. Chad Gospels, Lichfield Cathedral (Latin: 8th c. CE)",urn:cite:fufolio:msChad,61,urn:cite:fufolio:msChad.30v,verso
msChad,"The St. Chad Gospels, Lichfield Cathedral (Latin: 8th c. CE)",urn:cite:fufolio:msChad,62,urn:cite:fufolio:msChad.31r,recto
msChad,"The St. Chad Gospels, Lichfield Cathedral (Latin: 8th c. CE)",urn:cite:fufolio:msChad,63,urn:cite:fufolio:msChad.31v,verso
msChad,"The St. Chad Gospels, Lichfield Cathedral (Latin: 8th c. CE)",urn:cite:fufolio:msChad,64,urn:cite:fufolio:msChad.32r,recto
msChad,"The St. Chad Gospels, Lichfield Cathedral (Latin: 8th c. CE)",urn:cite:fufolio:msChad,65,urn:cite:fufolio:msChad.32v,verso
msChad,"The St. Chad Gospels, Lichfield Cathedral (Latin: 8th c. CE)",urn:cite:fufolio:msChad,66,urn:cite:fufolio:msChad.33r,recto
msChad,"The St. Chad Gospels, Lichfield Cathedral (Latin: 8th c. CE)",urn:cite:fufolio:msChad,67,urn:cite:fufolio:msChad.33v,verso
msChad,"The St. Chad Gospels, Lichfield Cathedral (Latin: 8th c. CE)",urn:cite:fufolio:msChad,68,urn:cite:fufolio:msChad.34r,recto
msChad,"The St. Chad Gospels, Lichfield Cathedral (Latin: 8th c. CE)",urn:cite:fufolio:msChad,69,urn:cite:fufolio:msChad.34v,verso
msChad,"The St. Chad Gospels, Lichfield Cathedral (Latin: 8th c. CE)",urn:cite:fufolio:msChad,7,urn:cite:fufolio:msChad.3v,verso
msChad,"The St. Chad Gospels, Lichfield Cathedral (Latin: 8th c. CE)",urn:cite:fufolio:msChad,70,urn:cite:fufolio:msChad.35r,recto
msChad,"The St. Chad Gospels, Lichfield Cathedral (Latin: 8th c. CE)",urn:cite:fufolio:msChad,71,urn:cite:fufolio:msChad.35v,verso
msChad,"The St. Chad Gospels, Lichfield Cathedral (Latin: 8th c. CE)",urn:cite:fufolio:msChad,72,urn:cite:fufolio:msChad.36r,recto
msChad,"The St. Chad Gospels, Lichfield Cathedral (Latin: 8th c. CE)",urn:cite:fufolio:msChad,73,urn:cite:fufolio:msChad.36v,verso
msChad,"The St. Chad Gospels, Lichfield Cathedral (Latin: 8th c. CE)",urn:cite:fufolio:msChad,74,urn:cite:fufolio:msChad.37r,recto
msChad,"The St. Chad Gospels, Lichfield Cathedral (Latin: 8th c. CE)",urn:cite:fufolio:msChad,75,urn:cite:fufolio:msChad.37v,verso
msChad,"The St. Chad Gospels, Lichfield Cathedral (Latin: 8th c. CE)",urn:cite:fufolio:msChad,76,urn:cite:fufolio:msChad.38r,recto
msChad,"The St. Chad Gospels, Lichfield Cathedral (Latin: 8th c. CE)",urn:cite:fufolio:msChad,77,urn:cite:fufolio:msChad.38v,verso
msChad,"The St. Chad Gospels, Lichfield Cathedral (Latin: 8th c. CE)",urn:cite:fufolio:msChad,78,urn:cite:fufolio:msChad.39r,recto
msChad,"The St. Chad Gospels, Lichfield Cathedral (Latin: 8th c. CE)",urn:cite:fufolio:msChad,79,urn:cite:fufolio:msChad.39v,verso
msChad,"The St. Chad Gospels, Lichfield Cathedral (Latin: 8th c. CE)",urn:cite:fufolio:msChad,8,urn:cite:fufolio:msChad.4r,recto
msChad,"The St. Chad Gospels, Lichfield Cathedral (Latin: 8th c. CE)",urn:cite:fufolio:msChad,80,urn:cite:fufolio:msChad.40r,recto
msChad,"The St. Chad Gospels, Lichfield Cathedral (Latin: 8th c. CE)",urn:cite:fufolio:msChad,81,urn:cite:fufolio:msChad.40v,verso
msChad,"The St. Chad Gospels, Lichfield Cathedral (Latin: 8th c. CE)",urn:cite:fufolio:msChad,82,urn:cite:fufolio:msChad.41r,recto
msChad,"The St. Chad Gospels, Lichfield Cathedral (Latin: 8th c. CE)",urn:cite:fufolio:msChad,83,urn:cite:fufolio:msChad.41v,verso
msChad,"The St. Chad Gospels, Lichfield Cathedral (Latin: 8th c. CE)",urn:cite:fufolio:msChad,84,urn:cite:fufolio:msChad.42r,recto
msChad,"The St. Chad Gospels, Lichfield Cathedral (Latin: 8th c. CE)",urn:cite:fufolio:msChad,85,urn:cite:fufolio:msChad.42v,verso
msChad,"The St. Chad Gospels, Lichfield Cathedral (Latin: 8th c. CE)",urn:cite:fufolio:msChad,86,urn:cite:fufolio:msChad.43r,recto
msChad,"The St. Chad Gospels, Lichfield Cathedral (Latin: 8th c. CE)",urn:cite:fufolio:msChad,87,urn:cite:fufolio:msChad.43v,verso
msChad,"The St. Chad Gospels, Lichfield Cathedral (Latin: 8th c. CE)",urn:cite:fufolio:msChad,88,urn:cite:fufolio:msChad.44r,recto
msChad,"The St. Chad Gospels, Lichfield Cathedral (Latin: 8th c. CE)",urn:cite:fufolio:msChad,89,urn:cite:fufolio:msChad.44v,verso
msChad,"The St. Chad Gospels, Lichfield Cathedral (Latin: 8th c. CE)",urn:cite:fufolio:msChad,9,urn:cite:fufolio:msChad.4v,verso
msChad,"The St. Chad Gospels, Lichfield Cathedral (Latin: 8th c. CE)",urn:cite:fufolio:msChad,90,urn:cite:fufolio:msChad.45r,recto
msChad,"The St. Chad Gospels, Lichfield Cathedral (Latin: 8th c. CE)",urn:cite:fufolio:msChad,91,urn:cite:fufolio:msChad.45v,verso
msChad,"The St. Chad Gospels, Lichfield Cathedral (Latin: 8th c. CE)",urn:cite:fufolio:msChad,92,urn:cite:fufolio:msChad.46r,recto
msChad,"The St. Chad Gospels, Lichfield Cathedral (Latin: 8th c. CE)",urn:cite:fufolio:msChad,93,urn:cite:fufolio:msChad.46v,verso
msChad,"The St. Chad Gospels, Lichfield Cathedral (Latin: 8th c. CE)",urn:cite:fufolio:msChad,94,urn:cite:fufolio:msChad.47r,recto
msChad,"The St. Chad Gospels, Lichfield Cathedral (Latin: 8th c. CE)",urn:cite:fufolio:msChad,95,urn:cite:fufolio:msChad.47v,verso
msChad,"The St. Chad Gospels, Lichfield Cathedral (Latin: 8th c. CE)",urn:cite:fufolio:msChad,96,urn:cite:fufolio:msChad.48r,recto
msChad,"The St. Chad Gospels, Lichfield Cathedral (Latin: 8th c. CE)",urn:cite:fufolio:msChad,97,urn:cite:fufolio:msChad.48v,verso
msChad,"The St. Chad Gospels, Lichfield Cathedral (Latin: 8th c. CE)",urn:cite:fufolio:msChad,98,urn:cite:fufolio:msChad.49r,recto
msChad,"The St. Chad Gospels, Lichfield Cathedral (Latin: 8th c. CE)",urn:cite:fufolio:msChad,99,urn:cite:fufolio:msChad.49v,verso
msWycliffe,"The Wycliffe New Testament, Lichfield Cathedral (English: 1410)",urn:cite:fufolio:msWycliffe,301,urn:cite:fufolio:msWycliffe.FrontBoardr,recto
msWycliffe,"The Wycliffe New Testament, Lichfield Cathedral (English: 1410)",urn:cite:fufolio:msWycliffe,302,urn:cite:fufolio:msWycliffe.FrontBoardv,verso
msWycliffe,"The Wycliffe New Testament, Lichfield Cathedral (English: 1410)",urn:cite:fufolio:msWycliffe,303,urn:cite:fufolio:msWycliffe.FrontFly1r,recto
msWycliffe,"The Wycliffe New Testament, Lichfield Cathedral (English: 1410)",urn:cite:fufolio:msWycliffe,304,urn:cite:fufolio:msWycliffe.FrontFly1v,verso
msWycliffe,"The Wycliffe New Testament, Lichfield Cathedral (English: 1410)",urn:cite:fufolio:msWycliffe,305,urn:cite:fufolio:msWycliffe.FrontFly2r,recto
msWycliffe,"The Wycliffe New Testament, Lichfield Cathedral (English: 1410)",urn:cite:fufolio:msWycliffe,306,urn:cite:fufolio:msWycliffe.FrontFly2v,verso
msWycliffe,"The Wycliffe New Testament, Lichfield Cathedral (English: 1410)",urn:cite:fufolio:msWycliffe,307,urn:cite:fufolio:msWycliffe.FrontFly3r,recto
msWycliffe,"The Wycliffe New Testament, Lichfield Cathedral (English: 1410)",urn:cite:fufolio:msWycliffe,308,urn:cite:fufolio:msWycliffe.FrontFly3v,verso
msWycliffe,"The Wycliffe New Testament, Lichfield Cathedral (English: 1410)",urn:cite:fufolio:msWycliffe,309,urn:cite:fufolio:msWycliffe.1r,recto
msWycliffe,"The Wycliffe New Testament, Lichfield Cathedral (English: 1410)",urn:cite:fufolio:msWycliffe,310,urn:cite:fufolio:msWycliffe.1v,verso
msWycliffe,"The Wycliffe New Testament, Lichfield Cathedral (English: 1410)",urn:cite:fufolio:msWycliffe,311,urn:cite:fufolio:msWycliffe.2r,recto
msWycliffe,"The Wycliffe New Testament, Lichfield Cathedral (English: 1410)",urn:cite:fufolio:msWycliffe,312,urn:cite:fufolio:msWycliffe.2v,verso
msWycliffe,"The Wycliffe New Testament, Lichfield Cathedral (English: 1410)",urn:cite:fufolio:msWycliffe,313,urn:cite:fufolio:msWycliffe.3r,recto
msWycliffe,"The Wycliffe New Testament, Lichfield Cathedral (English: 1410)",urn:cite:fufolio:msWycliffe,314,urn:cite:fufolio:msWycliffe.3v,verso
msWycliffe,"The Wycliffe New Testament, Lichfield Cathedral (English: 1410)",urn:cite:fufolio:msWycliffe,315,urn:cite:fufolio:msWycliffe.4r,recto
msWycliffe,"The Wycliffe New Testament, Lichfield Cathedral (English: 1410)",urn:cite:fufolio:msWycliffe,316,urn:cite:fufolio:msWycliffe.4v,verso
msWycliffe,"The Wycliffe New Testament, Lichfield Cathedral (English: 1410)",urn:cite:fufolio:msWycliffe,317,urn:cite:fufolio:msWycliffe.5r,recto
msWycliffe,"The Wycliffe New Testament, Lichfield Cathedral (English: 1410)",urn:cite:fufolio:msWycliffe,318,urn:cite:fufolio:msWycliffe.5v,verso
msWycliffe,"The Wycliffe New Testament, Lichfield Cathedral (English: 1410)",urn:cite:fufolio:msWycliffe,319,urn:cite:fufolio:msWycliffe.6r,recto
msWycliffe,"The Wycliffe New Testament, Lichfield Cathedral (English: 1410)",urn:cite:fufolio:msWycliffe,320,urn:cite:fufolio:msWycliffe.6v,verso
msWycliffe,"The Wycliffe New Testament, Lichfield Cathedral (English: 1410)",urn:cite:fufolio:msWycliffe,321,urn:cite:fufolio:msWycliffe.7r,recto
msWycliffe,"The Wycliffe New Testament, Lichfield Cathedral (English: 1410)",urn:cite:fufolio:msWycliffe,322,urn:cite:fufolio:msWycliffe.7v,verso
msWycliffe,"The Wycliffe New Testament, Lichfield Cathedral (English: 1410)",urn:cite:fufolio:msWycliffe,323,urn:cite:fufolio:msWycliffe.8r,recto
msWycliffe,"The Wycliffe New Testament, Lichfield Cathedral (English: 1410)",urn:cite:fufolio:msWycliffe,324,urn:cite:fufolio:msWycliffe.8v,verso
msWycliffe,"The Wycliffe New Testament, Lichfield Cathedral (English: 1410)",urn:cite:fufolio:msWycliffe,325,urn:cite:fufolio:msWycliffe.9r,recto
msWycliffe,"The Wycliffe New Testament, Lichfield Cathedral (English: 1410)",urn:cite:fufolio:msWycliffe,326,urn:cite:fufolio:msWycliffe.9v,verso
msWycliffe,"The Wycliffe New Testament, Lichfield Cathedral (English: 1410)",urn:cite:fufolio:msWycliffe,327,urn:cite:fufolio:msWycliffe.10r,recto
msWycliffe,"The Wycliffe New Testament, Lichfield Cathedral (English: 1410)",urn:cite:fufolio:msWycliffe,328,urn:cite:fufolio:msWycliffe.10v,verso
msWycliffe,"The Wycliffe New Testament, Lichfield Cathedral (English: 1410)",urn:cite:fufolio:msWycliffe,329,urn:cite:fufolio:msWycliffe.11r,recto
msWycliffe,"The Wycliffe New Testament, Lichfield Cathedral (English: 1410)",urn:cite:fufolio:msWycliffe,330,urn:cite:fufolio:msWycliffe.11v,verso
msWycliffe,"The Wycliffe New Testament, Lichfield Cathedral (English: 1410)",urn:cite:fufolio:msWycliffe,331,urn:cite:fufolio:msWycliffe.12r,recto
msWycliffe,"The Wycliffe New Testament, Lichfield Cathedral (English: 1410)",urn:cite:fufolio:msWycliffe,332,urn:cite:fufolio:msWycliffe.12v,verso
msWycliffe,"The Wycliffe New Testament, Lichfield Cathedral (English: 1410)",urn:cite:fufolio:msWycliffe,333,urn:cite:fufolio:msWycliffe.13r,recto
msWycliffe,"The Wycliffe New Testament, Lichfield Cathedral (English: 1410)",urn:cite:fufolio:msWycliffe,334,urn:cite:fufolio:msWycliffe.13v,verso
msWycliffe,"The Wycliffe New Testament, Lichfield Cathedral (English: 1410)",urn:cite:fufolio:msWycliffe,335,urn:cite:fufolio:msWycliffe.14r,recto
msWycliffe,"The Wycliffe New Testament, Lichfield Cathedral (English: 1410)",urn:cite:fufolio:msWycliffe,336,urn:cite:fufolio:msWycliffe.14v,verso
msWycliffe,"The Wycliffe New Testament, Lichfield Cathedral (English: 1410)",urn:cite:fufolio:msWycliffe,337,urn:cite:fufolio:msWycliffe.15r,recto
msWycliffe,"The Wycliffe New Testament, Lichfield Cathedral (English: 1410)",urn:cite:fufolio:msWycliffe,338,urn:cite:fufolio:msWycliffe.15v,verso
msWycliffe,"The Wycliffe New Testament, Lichfield Cathedral (English: 1410)",urn:cite:fufolio:msWycliffe,339,urn:cite:fufolio:msWycliffe.16r,recto
msWycliffe,"The Wycliffe New Testament, Lichfield Cathedral (English: 1410)",urn:cite:fufolio:msWycliffe,340,urn:cite:fufolio:msWycliffe.16v,verso
msWycliffe,"The Wycliffe New Testament, Lichfield Cathedral (English: 1410)",urn:cite:fufolio:msWycliffe,341,urn:cite:fufolio:msWycliffe.17r,recto
msWycliffe,"The Wycliffe New Testament, Lichfield Cathedral (English: 1410)",urn:cite:fufolio:msWycliffe,342,urn:cite:fufolio:msWycliffe.17v,verso
msWycliffe,"The Wycliffe New Testament, Lichfield Cathedral (English: 1410)",urn:cite:fufolio:msWycliffe,343,urn:cite:fufolio:msWycliffe.18r,recto
msWycliffe,"The Wycliffe New Testament, Lichfield Cathedral (English: 1410)",urn:cite:fufolio:msWycliffe,344,urn:cite:fufolio:msWycliffe.18v,verso
msWycliffe,"The Wycliffe New Testament, Lichfield Cathedral (English: 1410)",urn:cite:fufolio:msWycliffe,345,urn:cite:fufolio:msWycliffe.19r,recto
msWycliffe,"The Wycliffe New Testament, Lichfield Cathedral (English: 1410)",urn:cite:fufolio:msWycliffe,346,urn:cite:fufolio:msWycliffe.19v,verso
msWycliffe,"The Wycliffe New Testament, Lichfield Cathedral (English: 1410)",urn:cite:fufolio:msWycliffe,347,urn:cite:fufolio:msWycliffe.20r,recto
msWycliffe,"The Wycliffe New Testament, Lichfield Cathedral (English: 1410)",urn:cite:fufolio:msWycliffe,348,urn:cite:fufolio:msWycliffe.20v,verso
msWycliffe,"The Wycliffe New Testament, Lichfield Cathedral (English: 1410)",urn:cite:fufolio:msWycliffe,349,urn:cite:fufolio:msWycliffe.21r,recto
msWycliffe,"The Wycliffe New Testament, Lichfield Cathedral (English: 1410)",urn:cite:fufolio:msWycliffe,350,urn:cite:fufolio:msWycliffe.21v,verso
msWycliffe,"The Wycliffe New Testament, Lichfield Cathedral (English: 1410)",urn:cite:fufolio:msWycliffe,351,urn:cite:fufolio:msWycliffe.22r,recto
msWycliffe,"The Wycliffe New Testament, Lichfield Cathedral (English: 1410)",urn:cite:fufolio:msWycliffe,352,urn:cite:fufolio:msWycliffe.22v,verso
msWycliffe,"The Wycliffe New Testament, Lichfield Cathedral (English: 1410)",urn:cite:fufolio:msWycliffe,353,urn:cite:fufolio:msWycliffe.23r,recto
msWycliffe,"The Wycliffe New Testament, Lichfield Cathedral (English: 1410)",urn:cite:fufolio:msWycliffe,354,urn:cite:fufolio:msWycliffe.23v,verso
msWycliffe,"The Wycliffe New Testament, Lichfield Cathedral (English: 1410)",urn:cite:fufolio:msWycliffe,355,urn:cite:fufolio:msWycliffe.24r,recto
msWycliffe,"The Wycliffe New Testament, Lichfield Cathedral (English: 1410)",urn:cite:fufolio:msWycliffe,356,urn:cite:fufolio:msWycliffe.24v,verso
msWycliffe,"The Wycliffe New Testament, Lichfield Cathedral (English: 1410)",urn:cite:fufolio:msWycliffe,357,urn:cite:fufolio:msWycliffe.25r,recto
msWycliffe,"The Wycliffe New Testament, Lichfield Cathedral (English: 1410)",urn:cite:fufolio:msWycliffe,358,urn:cite:fufolio:msWycliffe.25v,verso
msWycliffe,"The Wycliffe New Testament, Lichfield Cathedral (English: 1410)",urn:cite:fufolio:msWycliffe,359,urn:cite:fufolio:msWycliffe.26r,recto
msWycliffe,"The Wycliffe New Testament, Lichfield Cathedral (English: 1410)",urn:cite:fufolio:msWycliffe,360,urn:cite:fufolio:msWycliffe.26v,verso
msWycliffe,"The Wycliffe New Testament, Lichfield Cathedral (English: 1410)",urn:cite:fufolio:msWycliffe,361,urn:cite:fufolio:msWycliffe.27r,recto
msWycliffe,"The Wycliffe New Testament, Lichfield Cathedral (English: 1410)",urn:cite:fufolio:msWycliffe,362,urn:cite:fufolio:msWycliffe.27v,verso
msWycliffe,"The Wycliffe New Testament, Lichfield Cathedral (English: 1410)",urn:cite:fufolio:msWycliffe,363,urn:cite:fufolio:msWycliffe.28r,recto
msWycliffe,"The Wycliffe New Testament, Lichfield Cathedral (English: 1410)",urn:cite:fufolio:msWycliffe,364,urn:cite:fufolio:msWycliffe.28v,verso
msWycliffe,"The Wycliffe New Testament, Lichfield Cathedral (English: 1410)",urn:cite:fufolio:msWycliffe,365,urn:cite:fufolio:msWycliffe.29r,recto
msWycliffe,"The Wycliffe New Testament, Lichfield Cathedral (English: 1410)",urn:cite:fufolio:msWycliffe,366,urn:cite:fufolio:msWycliffe.29v,verso
msWycliffe,"The Wycliffe New Testament, Lichfield Cathedral (English: 1410)",urn:cite:fufolio:msWycliffe,367,urn:cite:fufolio:msWycliffe.30r,recto
msWycliffe,"The Wycliffe New Testament, Lichfield Cathedral (English: 1410)",urn:cite:fufolio:msWycliffe,368,urn:cite:fufolio:msWycliffe.30v,verso
msWycliffe,"The Wycliffe New Testament, Lichfield Cathedral (English: 1410)",urn:cite:fufolio:msWycliffe,369,urn:cite:fufolio:msWycliffe.31r,recto
msWycliffe,"The Wycliffe New Testament, Lichfield Cathedral (English: 1410)",urn:cite:fufolio:msWycliffe,370,urn:cite:fufolio:msWycliffe.31v,verso
msWycliffe,"The Wycliffe New Testament, Lichfield Cathedral (English: 1410)",urn:cite:fufolio:msWycliffe,371,urn:cite:fufolio:msWycliffe.32r,recto
msWycliffe,"The Wycliffe New Testament, Lichfield Cathedral (English: 1410)",urn:cite:fufolio:msWycliffe,372,urn:cite:fufolio:msWycliffe.32v,verso
msWycliffe,"The Wycliffe New Testament, Lichfield Cathedral (English: 1410)",urn:cite:fufolio:msWycliffe,373,urn:cite:fufolio:msWycliffe.33r,recto
msWycliffe,"The Wycliffe New Testament, Lichfield Cathedral (English: 1410)",urn:cite:fufolio:msWycliffe,374,urn:cite:fufolio:msWycliffe.33v,verso
msWycliffe,"The Wycliffe New Testament, Lichfield Cathedral (English: 1410)",urn:cite:fufolio:msWycliffe,375,urn:cite:fufolio:msWycliffe.34r,recto
msWycliffe,"The Wycliffe New Testament, Lichfield Cathedral (English: 1410)",urn:cite:fufolio:msWycliffe,376,urn:cite:fufolio:msWycliffe.34v,verso
msWycliffe,"The Wycliffe New Testament, Lichfield Cathedral (English: 1410)",urn:cite:fufolio:msWycliffe,377,urn:cite:fufolio:msWycliffe.35r,recto
msWycliffe,"The Wycliffe New Testament, Lichfield Cathedral (English: 1410)",urn:cite:fufolio:msWycliffe,378,urn:cite:fufolio:msWycliffe.35v,verso
msWycliffe,"The Wycliffe New Testament, Lichfield Cathedral (English: 1410)",urn:cite:fufolio:msWycliffe,379,urn:cite:fufolio:msWycliffe.36r,recto
msWycliffe,"The Wycliffe New Testament, Lichfield Cathedral (English: 1410)",urn:cite:fufolio:msWycliffe,380,urn:cite:fufolio:msWycliffe.36v,verso
msWycliffe,"The Wycliffe New Testament, Lichfield Cathedral (English: 1410)",urn:cite:fufolio:msWycliffe,381,urn:cite:fufolio:msWycliffe.37r,recto
msWycliffe,"The Wycliffe New Testament, Lichfield Cathedral (English: 1410)",urn:cite:fufolio:msWycliffe,382,urn:cite:fufolio:msWycliffe.37v,verso
msWycliffe,"The Wycliffe New Testament, Lichfield Cathedral (English: 1410)",urn:cite:fufolio:msWycliffe,383,urn:cite:fufolio:msWycliffe.38r,recto
msWycliffe,"The Wycliffe New Testament, Lichfield Cathedral (English: 1410)",urn:cite:fufolio:msWycliffe,384,urn:cite:fufolio:msWycliffe.38v,verso
msWycliffe,"The Wycliffe New Testament, Lichfield Cathedral (English: 1410)",urn:cite:fufolio:msWycliffe,385,urn:cite:fufolio:msWycliffe.39r,recto
msWycliffe,"The Wycliffe New Testament, Lichfield Cathedral (English: 1410)",urn:cite:fufolio:msWycliffe,386,urn:cite:fufolio:msWycliffe.39v,verso
msWycliffe,"The Wycliffe New Testament, Lichfield Cathedral (English: 1410)",urn:cite:fufolio:msWycliffe,387,urn:cite:fufolio:msWycliffe.40r,recto
msWycliffe,"The Wycliffe New Testament, Lichfield Cathedral (English: 1410)",urn:cite:fufolio:msWycliffe,388,urn:cite:fufolio:msWycliffe.40v,verso
msWycliffe,"The Wycliffe New Testament, Lichfield Cathedral (English: 1410)",urn:cite:fufolio:msWycliffe,389,urn:cite:fufolio:msWycliffe.41r,recto
msWycliffe,"The Wycliffe New Testament, Lichfield Cathedral (English: 1410)",urn:cite:fufolio:msWycliffe,390,urn:cite:fufolio:msWycliffe.41v,verso
msWycliffe,"The Wycliffe New Testament, Lichfield Cathedral (English: 1410)",urn:cite:fufolio:msWycliffe,391,urn:cite:fufolio:msWycliffe.42r,recto
msWycliffe,"The Wycliffe New Testament, Lichfield Cathedral (English: 1410)",urn:cite:fufolio:msWycliffe,392,urn:cite:fufolio:msWycliffe.42v,verso
msWycliffe,"The Wycliffe New Testament, Lichfield Cathedral (English: 1410)",urn:cite:fufolio:msWycliffe,393,urn:cite:fufolio:msWycliffe.43r,recto
msWycliffe,"The Wycliffe New Testament, Lichfield Cathedral (English: 1410)",urn:cite:fufolio:msWycliffe,394,urn:cite:fufolio:msWycliffe.43v,verso
msWycliffe,"The Wycliffe New Testament, Lichfield Cathedral (English: 1410)",urn:cite:fufolio:msWycliffe,395,urn:cite:fufolio:msWycliffe.44r,recto
msWycliffe,"The Wycliffe New Testament, Lichfield Cathedral (English: 1410)",urn:cite:fufolio:msWycliffe,396,urn:cite:fufolio:msWycliffe.44v,verso
msWycliffe,"The Wycliffe New Testament, Lichfield Cathedral (English: 1410)",urn:cite:fufolio:msWycliffe,397,urn:cite:fufolio:msWycliffe.45r,recto
msWycliffe,"The Wycliffe New Testament, Lichfield Cathedral (English: 1410)",urn:cite:fufolio:msWycliffe,398,urn:cite:fufolio:msWycliffe.45v,verso
msWycliffe,"The Wycliffe New Testament, Lichfield Cathedral (English: 1410)",urn:cite:fufolio:msWycliffe,399,urn:cite:fufolio:msWycliffe.46r,recto
msWycliffe,"The Wycliffe New Testament, Lichfield Cathedral (English: 1410)",urn:cite:fufolio:msWycliffe,400,urn:cite:fufolio:msWycliffe.46v,verso
msWycliffe,"The Wycliffe New Testament, Lichfield Cathedral (English: 1410)",urn:cite:fufolio:msWycliffe,401,urn:cite:fufolio:msWycliffe.47r,recto
msWycliffe,"The Wycliffe New Testament, Lichfield Cathedral (English: 1410)",urn:cite:fufolio:msWycliffe,402,urn:cite:fufolio:msWycliffe.47v,verso
msWycliffe,"The Wycliffe New Testament, Lichfield Cathedral (English: 1410)",urn:cite:fufolio:msWycliffe,403,urn:cite:fufolio:msWycliffe.48r,recto
msWycliffe,"The Wycliffe New Testament, Lichfield Cathedral (English: 1410)",urn:cite:fufolio:msWycliffe,404,urn:cite:fufolio:msWycliffe.48v,verso
msWycliffe,"The Wycliffe New Testament, Lichfield Cathedral (English: 1410)",urn:cite:fufolio:msWycliffe,405,urn:cite:fufolio:msWycliffe.49r,recto
msWycliffe,"The Wycliffe New Testament, Lichfield Cathedral (English: 1410)",urn:cite:fufolio:msWycliffe,406,urn:cite:fufolio:msWycliffe.49v,verso
msWycliffe,"The Wycliffe New Testament, Lichfield Cathedral (English: 1410)",urn:cite:fufolio:msWycliffe,407,urn:cite:fufolio:msWycliffe.50mr,recto
msWycliffe,"The Wycliffe New Testament, Lichfield Cathedral (English: 1410)",urn:cite:fufolio:msWycliffe,408,urn:cite:fufolio:msWycliffe.50mv,verso
msWycliffe,"The Wycliffe New Testament, Lichfield Cathedral (English: 1410)",urn:cite:fufolio:msWycliffe,409,urn:cite:fufolio:msWycliffe.50r,recto
msWycliffe,"The Wycliffe New Testament, Lichfield Cathedral (English: 1410)",urn:cite:fufolio:msWycliffe,410,urn:cite:fufolio:msWycliffe.50v,verso
msWycliffe,"The Wycliffe New Testament, Lichfield Cathedral (English: 1410)",urn:cite:fufolio:msWycliffe,411,urn:cite:fufolio:msWycliffe.51r,recto
msWycliffe,"The Wycliffe New Testament, Lichfield Cathedral (English: 1410)",urn:cite:fufolio:msWycliffe,412,urn:cite:fufolio:msWycliffe.51v,verso
msWycliffe,"The Wycliffe New Testament, Lichfield Cathedral (English: 1410)",urn:cite:fufolio:msWycliffe,413,urn:cite:fufolio:msWycliffe.52r,recto
msWycliffe,"The Wycliffe New Testament, Lichfield Cathedral (English: 1410)",urn:cite:fufolio:msWycliffe,414,urn:cite:fufolio:msWycliffe.52v,verso
msWycliffe,"The Wycliffe New Testament, Lichfield Cathedral (English: 1410)",urn:cite:fufolio:msWycliffe,415,urn:cite:fufolio:msWycliffe.53r,recto
msWycliffe,"The Wycliffe New Testament, Lichfield Cathedral (English: 1410)",urn:cite:fufolio:msWycliffe,416,urn:cite:fufolio:msWycliffe.53v,verso
msWycliffe,"The Wycliffe New Testament, Lichfield Cathedral (English: 1410)",urn:cite:fufolio:msWycliffe,417,urn:cite:fufolio:msWycliffe.54r,recto
msWycliffe,"The Wycliffe New Testament, Lichfield Cathedral (English: 1410)",urn:cite:fufolio:msWycliffe,418,urn:cite:fufolio:msWycliffe.54v,verso
msWycliffe,"The Wycliffe New Testament, Lichfield Cathedral (English: 1410)",urn:cite:fufolio:msWycliffe,419,urn:cite:fufolio:msWycliffe.55r,recto
msWycliffe,"The Wycliffe New Testament, Lichfield Cathedral (English: 1410)",urn:cite:fufolio:msWycliffe,420,urn:cite:fufolio:msWycliffe.55v,verso
msWycliffe,"The Wycliffe New Testament, Lichfield Cathedral (English: 1410)",urn:cite:fufolio:msWycliffe,421,urn:cite:fufolio:msWycliffe.56r,recto
msWycliffe,"The Wycliffe New Testament, Lichfield Cathedral (English: 1410)",urn:cite:fufolio:msWycliffe,422,urn:cite:fufolio:msWycliffe.56v,verso
msWycliffe,"The Wycliffe New Testament, Lichfield Cathedral (English: 1410)",urn:cite:fufolio:msWycliffe,423,urn:cite:fufolio:msWycliffe.57r,recto
msWycliffe,"The Wycliffe New Testament, Lichfield Cathedral (English: 1410)",urn:cite:fufolio:msWycliffe,424,urn:cite:fufolio:msWycliffe.57v,verso
msWycliffe,"The Wycliffe New Testament, Lichfield Cathedral (English: 1410)",urn:cite:fufolio:msWycliffe,425,urn:cite:fufolio:msWycliffe.58r,recto
msWycliffe,"The Wycliffe New Testament, Lichfield Cathedral (English: 1410)",urn:cite:fufolio:msWycliffe,426,urn:cite:fufolio:msWycliffe.58v,verso
msWycliffe,"The Wycliffe New Testament, Lichfield Cathedral (English: 1410)",urn:cite:fufolio:msWycliffe,427,urn:cite:fufolio:msWycliffe.59r,recto
msWycliffe,"The Wycliffe New Testament, Lichfield Cathedral (English: 1410)",urn:cite:fufolio:msWycliffe,428,urn:cite:fufolio:msWycliffe.59v,verso
msWycliffe,"The Wycliffe New Testament, Lichfield Cathedral (English: 1410)",urn:cite:fufolio:msWycliffe,429,urn:cite:fufolio:msWycliffe.60r,recto
msWycliffe,"The Wycliffe New Testament, Lichfield Cathedral (English: 1410)",urn:cite:fufolio:msWycliffe,430,urn:cite:fufolio:msWycliffe.60v,verso
msWycliffe,"The Wycliffe New Testament, Lichfield Cathedral (English: 1410)",urn:cite:fufolio:msWycliffe,431,urn:cite:fufolio:msWycliffe.61r,recto
msWycliffe,"The Wycliffe New Testament, Lichfield Cathedral (English: 1410)",urn:cite:fufolio:msWycliffe,432,urn:cite:fufolio:msWycliffe.61v,verso
msWycliffe,"The Wycliffe New Testament, Lichfield Cathedral (English: 1410)",urn:cite:fufolio:msWycliffe,433,urn:cite:fufolio:msWycliffe.62r,recto
msWycliffe,"The Wycliffe New Testament, Lichfield Cathedral (English: 1410)",urn:cite:fufolio:msWycliffe,434,urn:cite:fufolio:msWycliffe.62v,verso
msWycliffe,"The Wycliffe New Testament, Lichfield Cathedral (English: 1410)",urn:cite:fufolio:msWycliffe,435,urn:cite:fufolio:msWycliffe.63r,recto
msWycliffe,"The Wycliffe New Testament, Lichfield Cathedral (English: 1410)",urn:cite:fufolio:msWycliffe,436,urn:cite:fufolio:msWycliffe.63v,verso
msWycliffe,"The Wycliffe New Testament, Lichfield Cathedral (English: 1410)",urn:cite:fufolio:msWycliffe,437,urn:cite:fufolio:msWycliffe.64r,recto
msWycliffe,"The Wycliffe New Testament, Lichfield Cathedral (English: 1410)",urn:cite:fufolio:msWycliffe,438,urn:cite:fufolio:msWycliffe.64v,verso
msWycliffe,"The Wycliffe New Testament, Lichfield Cathedral (English: 1410)",urn:cite:fufolio:msWycliffe,439,urn:cite:fufolio:msWycliffe.65r,recto
msWycliffe,"The Wycliffe New Testament, Lichfield Cathedral (English: 1410)",urn:cite:fufolio:msWycliffe,440,urn:cite:fufolio:msWycliffe.65v,verso
msWycliffe,"The Wycliffe New Testament, Lichfield Cathedral (English: 1410)",urn:cite:fufolio:msWycliffe,441,urn:cite:fufolio:msWycliffe.66r,recto
msWycliffe,"The Wycliffe New Testament, Lichfield Cathedral (English: 1410)",urn:cite:fufolio:msWycliffe,442,urn:cite:fufolio:msWycliffe.66v,verso
msWycliffe,"The Wycliffe New Testament, Lichfield Cathedral (English: 1410)",urn:cite:fufolio:msWycliffe,443,urn:cite:fufolio:msWycliffe.67r,recto
msWycliffe,"The Wycliffe New Testament, Lichfield Cathedral (English: 1410)",urn:cite:fufolio:msWycliffe,444,urn:cite:fufolio:msWycliffe.67v,verso
msWycliffe,"The Wycliffe New Testament, Lichfield Cathedral (English: 1410)",urn:cite:fufolio:msWycliffe,445,urn:cite:fufolio:msWycliffe.68r,recto
msWycliffe,"The Wycliffe New Testament, Lichfield Cathedral (English: 1410)",urn:cite:fufolio:msWycliffe,446,urn:cite:fufolio:msWycliffe.68v,verso
msWycliffe,"The Wycliffe New Testament, Lichfield Cathedral (English: 1410)",urn:cite:fufolio:msWycliffe,447,urn:cite:fufolio:msWycliffe.69r,recto
msWycliffe,"The Wycliffe New Testament, Lichfield Cathedral (English: 1410)",urn:cite:fufolio:msWycliffe,448,urn:cite:fufolio:msWycliffe.69v,verso
msWycliffe,"The Wycliffe New Testament, Lichfield Cathedral (English: 1410)",urn:cite:fufolio:msWycliffe,449,urn:cite:fufolio:msWycliffe.70r,recto
msWycliffe,"The Wycliffe New Testament, Lichfield Cathedral (English: 1410)",urn:cite:fufolio:msWycliffe,450,urn:cite:fufolio:msWycliffe.70v,verso
msWycliffe,"The Wycliffe New Testament, Lichfield Cathedral (English: 1410)",urn:cite:fufolio:msWycliffe,451,urn:cite:fufolio:msWycliffe.71r,recto
msWycliffe,"The Wycliffe New Testament, Lichfield Cathedral (English: 1410)",urn:cite:fufolio:msWycliffe,452,urn:cite:fufolio:msWycliffe.71v,verso
msWycliffe,"The Wycliffe New Testament, Lichfield Cathedral (English: 1410)",urn:cite:fufolio:msWycliffe,453,urn:cite:fufolio:msWycliffe.72r,recto
msWycliffe,"The Wycliffe New Testament, Lichfield Cathedral (English: 1410)",urn:cite:fufolio:msWycliffe,454,urn:cite:fufolio:msWycliffe.72v,verso
msWycliffe,"The Wycliffe New Testament, Lichfield Cathedral (English: 1410)",urn:cite:fufolio:msWycliffe,455,urn:cite:fufolio:msWycliffe.73r,recto
msWycliffe,"The Wycliffe New Testament, Lichfield Cathedral (English: 1410)",urn:cite:fufolio:msWycliffe,456,urn:cite:fufolio:msWycliffe.73v,verso
msWycliffe,"The Wycliffe New Testament, Lichfield Cathedral (English: 1410)",urn:cite:fufolio:msWycliffe,457,urn:cite:fufolio:msWycliffe.74r,recto
msWycliffe,"The Wycliffe New Testament, Lichfield Cathedral (English: 1410)",urn:cite:fufolio:msWycliffe,458,urn:cite:fufolio:msWycliffe.74v,verso
msWycliffe,"The Wycliffe New Testament, Lichfield Cathedral (English: 1410)",urn:cite:fufolio:msWycliffe,459,urn:cite:fufolio:msWycliffe.75r,recto
msWycliffe,"The Wycliffe New Testament, Lichfield Cathedral (English: 1410)",urn:cite:fufolio:msWycliffe,460,urn:cite:fufolio:msWycliffe.75v,verso
msWycliffe,"The Wycliffe New Testament, Lichfield Cathedral (English: 1410)",urn:cite:fufolio:msWycliffe,461,urn:cite:fufolio:msWycliffe.76r,recto
msWycliffe,"The Wycliffe New Testament, Lichfield Cathedral (English: 1410)",urn:cite:fufolio:msWycliffe,462,urn:cite:fufolio:msWycliffe.76v,verso
msWycliffe,"The Wycliffe New Testament, Lichfield Cathedral (English: 1410)",urn:cite:fufolio:msWycliffe,463,urn:cite:fufolio:msWycliffe.77r,recto
msWycliffe,"The Wycliffe New Testament, Lichfield Cathedral (English: 1410)",urn:cite:fufolio:msWycliffe,464,urn:cite:fufolio:msWycliffe.77v,verso
msWycliffe,"The Wycliffe New Testament, Lichfield Cathedral (English: 1410)",urn:cite:fufolio:msWycliffe,465,urn:cite:fufolio:msWycliffe.78r,recto
msWycliffe,"The Wycliffe New Testament, Lichfield Cathedral (English: 1410)",urn:cite:fufolio:msWycliffe,466,urn:cite:fufolio:msWycliffe.78v,verso
msWycliffe,"The Wycliffe New Testament, Lichfield Cathedral (English: 1410)",urn:cite:fufolio:msWycliffe,467,urn:cite:fufolio:msWycliffe.79r,recto
msWycliffe,"The Wycliffe New Testament, Lichfield Cathedral (English: 1410)",urn:cite:fufolio:msWycliffe,468,urn:cite:fufolio:msWycliffe.79v,verso
msWycliffe,"The Wycliffe New Testament, Lichfield Cathedral (English: 1410)",urn:cite:fufolio:msWycliffe,469,urn:cite:fufolio:msWycliffe.80r,recto
msWycliffe,"The Wycliffe New Testament, Lichfield Cathedral (English: 1410)",urn:cite:fufolio:msWycliffe,470,urn:cite:fufolio:msWycliffe.80v,verso
msWycliffe,"The Wycliffe New Testament, Lichfield Cathedral (English: 1410)",urn:cite:fufolio:msWycliffe,471,urn:cite:fufolio:msWycliffe.81r,recto
msWycliffe,"The Wycliffe New Testament, Lichfield Cathedral (English: 1410)",urn:cite:fufolio:msWycliffe,472,urn:cite:fufolio:msWycliffe.81v,verso
msWycliffe,"The Wycliffe New Testament, Lichfield Cathedral (English: 1410)",urn:cite:fufolio:msWycliffe,473,urn:cite:fufolio:msWycliffe.82r,recto
msWycliffe,"The Wycliffe New Testament, Lichfield Cathedral (English: 1410)",urn:cite:fufolio:msWycliffe,474,urn:cite:fufolio:msWycliffe.82v,verso
msWycliffe,"The Wycliffe New Testament, Lichfield Cathedral (English: 1410)",urn:cite:fufolio:msWycliffe,475,urn:cite:fufolio:msWycliffe.83r,recto
msWycliffe,"The Wycliffe New Testament, Lichfield Cathedral (English: 1410)",urn:cite:fufolio:msWycliffe,476,urn:cite:fufolio:msWycliffe.83v,verso
msWycliffe,"The Wycliffe New Testament, Lichfield Cathedral (English: 1410)",urn:cite:fufolio:msWycliffe,477,urn:cite:fufolio:msWycliffe.84r,recto
msWycliffe,"The Wycliffe New Testament, Lichfield Cathedral (English: 1410)",urn:cite:fufolio:msWycliffe,478,urn:cite:fufolio:msWycliffe.84v,verso
msWycliffe,"The Wycliffe New Testament, Lichfield Cathedral (English: 1410)",urn:cite:fufolio:msWycliffe,479,urn:cite:fufolio:msWycliffe.85r,recto
msWycliffe,"The Wycliffe New Testament, Lichfield Cathedral (English: 1410)",urn:cite:fufolio:msWycliffe,480,urn:cite:fufolio:msWycliffe.85v,verso
msWycliffe,"The Wycliffe New Testament, Lichfield Cathedral (English: 1410)",urn:cite:fufolio:msWycliffe,481,urn:cite:fufolio:msWycliffe.86r,recto
msWycliffe,"The Wycliffe New Testament, Lichfield Cathedral (English: 1410)",urn:cite:fufolio:msWycliffe,482,urn:cite:fufolio:msWycliffe.86v,verso
msWycliffe,"The Wycliffe New Testament, Lichfield Cathedral (English: 1410)",urn:cite:fufolio:msWycliffe,483,urn:cite:fufolio:msWycliffe.87r,recto
msWycliffe,"The Wycliffe New Testament, Lichfield Cathedral (English: 1410)",urn:cite:fufolio:msWycliffe,484,urn:cite:fufolio:msWycliffe.87v,verso
msWycliffe,"The Wycliffe New Testament, Lichfield Cathedral (English: 1410)",urn:cite:fufolio:msWycliffe,485,urn:cite:fufolio:msWycliffe.88r,recto
msWycliffe,"The Wycliffe New Testament, Lichfield Cathedral (English: 1410)",urn:cite:fufolio:msWycliffe,486,urn:cite:fufolio:msWycliffe.88v,verso
msWycliffe,"The Wycliffe New Testament, Lichfield Cathedral (English: 1410)",urn:cite:fufolio:msWycliffe,487,urn:cite:fufolio:msWycliffe.89r,recto
msWycliffe,"The Wycliffe New Testament, Lichfield Cathedral (English: 1410)",urn:cite:fufolio:msWycliffe,488,urn:cite:fufolio:msWycliffe.89v,verso
msWycliffe,"The Wycliffe New Testament, Lichfield Cathedral (English: 1410)",urn:cite:fufolio:msWycliffe,489,urn:cite:fufolio:msWycliffe.90r,recto
msWycliffe,"The Wycliffe New Testament, Lichfield Cathedral (English: 1410)",urn:cite:fufolio:msWycliffe,490,urn:cite:fufolio:msWycliffe.90v,verso
msWycliffe,"The Wycliffe New Testament, Lichfield Cathedral (English: 1410)",urn:cite:fufolio:msWycliffe,491,urn:cite:fufolio:msWycliffe.91r,recto
msWycliffe,"The Wycliffe New Testament, Lichfield Cathedral (English: 1410)",urn:cite:fufolio:msWycliffe,492,urn:cite:fufolio:msWycliffe.91v,verso
msWycliffe,"The Wycliffe New Testament, Lichfield Cathedral (English: 1410)",urn:cite:fufolio:msWycliffe,493,urn:cite:fufolio:msWycliffe.92r,recto
msWycliffe,"The Wycliffe New Testament, Lichfield Cathedral (English: 1410)",urn:cite:fufolio:msWycliffe,494,urn:cite:fufolio:msWycliffe.92v,verso
msWycliffe,"The Wycliffe New Testament, Lichfield Cathedral (English: 1410)",urn:cite:fufolio:msWycliffe,495,urn:cite:fufolio:msWycliffe.93r,recto
msWycliffe,"The Wycliffe New Testament, Lichfield Cathedral (English: 1410)",urn:cite:fufolio:msWycliffe,496,urn:cite:fufolio:msWycliffe.93v,verso
msWycliffe,"The Wycliffe New Testament, Lichfield Cathedral (English: 1410)",urn:cite:fufolio:msWycliffe,497,urn:cite:fufolio:msWycliffe.94r,recto
msWycliffe,"The Wycliffe New Testament, Lichfield Cathedral (English: 1410)",urn:cite:fufolio:msWycliffe,498,urn:cite:fufolio:msWycliffe.94v,verso
msWycliffe,"The Wycliffe New Testament, Lichfield Cathedral (English: 1410)",urn:cite:fufolio:msWycliffe,499,urn:cite:fufolio:msWycliffe.95r,recto
msWycliffe,"The Wycliffe New Testament, Lichfield Cathedral (English: 1410)",urn:cite:fufolio:msWycliffe,500,urn:cite:fufolio:msWycliffe.95v,verso
msWycliffe,"The Wycliffe New Testament, Lichfield Cathedral (English: 1410)",urn:cite:fufolio:msWycliffe,501,urn:cite:fufolio:msWycliffe.96r,recto
msWycliffe,"The Wycliffe New Testament, Lichfield Cathedral (English: 1410)",urn:cite:fufolio:msWycliffe,502,urn:cite:fufolio:msWycliffe.96v,verso
msWycliffe,"The Wycliffe New Testament, Lichfield Cathedral (English: 1410)",urn:cite:fufolio:msWycliffe,503,urn:cite:fufolio:msWycliffe.97r,recto
msWycliffe,"The Wycliffe New Testament, Lichfield Cathedral (English: 1410)",urn:cite:fufolio:msWycliffe,504,urn:cite:fufolio:msWycliffe.97v,verso
msWycliffe,"The Wycliffe New Testament, Lichfield Cathedral (English: 1410)",urn:cite:fufolio:msWycliffe,505,urn:cite:fufolio:msWycliffe.98r,recto
msWycliffe,"The Wycliffe New Testament, Lichfield Cathedral (English: 1410)",urn:cite:fufolio:msWycliffe,506,urn:cite:fufolio:msWycliffe.98v,verso
msWycliffe,"The Wycliffe New Testament, Lichfield Cathedral (English: 1410)",urn:cite:fufolio:msWycliffe,507,urn:cite:fufolio:msWycliffe.99r,recto
msWycliffe,"The Wycliffe New Testament, Lichfield Cathedral (English: 1410)",urn:cite:fufolio:msWycliffe,508,urn:cite:fufolio:msWycliffe.99v,verso
msWycliffe,"The Wycliffe New Testament, Lichfield Cathedral (English: 1410)",urn:cite:fufolio:msWycliffe,509,urn:cite:fufolio:msWycliffe.100r,recto
msWycliffe,"The Wycliffe New Testament, Lichfield Cathedral (English: 1410)",urn:cite:fufolio:msWycliffe,510,urn:cite:fufolio:msWycliffe.100v,verso
msWycliffe,"The Wycliffe New Testament, Lichfield Cathedral (English: 1410)",urn:cite:fufolio:msWycliffe,511,urn:cite:fufolio:msWycliffe.101r,recto
msWycliffe,"The Wycliffe New Testament, Lichfield Cathedral (English: 1410)",urn:cite:fufolio:msWycliffe,512,urn:cite:fufolio:msWycliffe.101v,verso
msWycliffe,"The Wycliffe New Testament, Lichfield Cathedral (English: 1410)",urn:cite:fufolio:msWycliffe,513,urn:cite:fufolio:msWycliffe.102r,recto
msWycliffe,"The Wycliffe New Testament, Lichfield Cathedral (English: 1410)",urn:cite:fufolio:msWycliffe,514,urn:cite:fufolio:msWycliffe.102v,verso
msWycliffe,"The Wycliffe New Testament, Lichfield Cathedral (English: 1410)",urn:cite:fufolio:msWycliffe,515,urn:cite:fufolio:msWycliffe.103r,recto
msWycliffe,"The Wycliffe New Testament, Lichfield Cathedral (English: 1410)",urn:cite:fufolio:msWycliffe,516,urn:cite:fufolio:msWycliffe.103v,verso
msWycliffe,"The Wycliffe New Testament, Lichfield Cathedral (English: 1410)",urn:cite:fufolio:msWycliffe,517,urn:cite:fufolio:msWycliffe.104r,recto
msWycliffe,"The Wycliffe New Testament, Lichfield Cathedral (English: 1410)",urn:cite:fufolio:msWycliffe,518,urn:cite:fufolio:msWycliffe.104v,verso
msWycliffe,"The Wycliffe New Testament, Lichfield Cathedral (English: 1410)",urn:cite:fufolio:msWycliffe,519,urn:cite:fufolio:msWycliffe.105r,recto
msWycliffe,"The Wycliffe New Testament, Lichfield Cathedral (English: 1410)",urn:cite:fufolio:msWycliffe,520,urn:cite:fufolio:msWycliffe.105v,verso
msWycliffe,"The Wycliffe New Testament, Lichfield Cathedral (English: 1410)",urn:cite:fufolio:msWycliffe,521,urn:cite:fufolio:msWycliffe.106r,recto
msWycliffe,"The Wycliffe New Testament, Lichfield Cathedral (English: 1410)",urn:cite:fufolio:msWycliffe,522,urn:cite:fufolio:msWycliffe.106v,verso
msWycliffe,"The Wycliffe New Testament, Lichfield Cathedral (English: 1410)",urn:cite:fufolio:msWycliffe,523,urn:cite:fufolio:msWycliffe.107r,recto
msWycliffe,"The Wycliffe New Testament, Lichfield Cathedral (English: 1410)",urn:cite:fufolio:msWycliffe,524,urn:cite:fufolio:msWycliffe.107v,verso
msWycliffe,"The Wycliffe New Testament, Lichfield Cathedral (English: 1410)",urn:cite:fufolio:msWycliffe,525,urn:cite:fufolio:msWycliffe.108r,recto
msWycliffe,"The Wycliffe New Testament, Lichfield Cathedral (English: 1410)",urn:cite:fufolio:msWycliffe,526,urn:cite:fufolio:msWycliffe.108v,verso
msWycliffe,"The Wycliffe New Testament, Lichfield Cathedral (English: 1410)",urn:cite:fufolio:msWycliffe,527,urn:cite:fufolio:msWycliffe.109r,recto
msWycliffe,"The Wycliffe New Testament, Lichfield Cathedral (English: 1410)",urn:cite:fufolio:msWycliffe,528,urn:cite:fufolio:msWycliffe.109v,verso
msWycliffe,"The Wycliffe New Testament, Lichfield Cathedral (English: 1410)",urn:cite:fufolio:msWycliffe,529,urn:cite:fufolio:msWycliffe.110r,recto
msWycliffe,"The Wycliffe New Testament, Lichfield Cathedral (English: 1410)",urn:cite:fufolio:msWycliffe,530,urn:cite:fufolio:msWycliffe.110v,verso
msWycliffe,"The Wycliffe New Testament, Lichfield Cathedral (English: 1410)",urn:cite:fufolio:msWycliffe,531,urn:cite:fufolio:msWycliffe.111r,recto
msWycliffe,"The Wycliffe New Testament, Lichfield Cathedral (English: 1410)",urn:cite:fufolio:msWycliffe,532,urn:cite:fufolio:msWycliffe.111v,verso
msWycliffe,"The Wycliffe New Testament, Lichfield Cathedral (English: 1410)",urn:cite:fufolio:msWycliffe,533,urn:cite:fufolio:msWycliffe.112r,recto
msWycliffe,"The Wycliffe New Testament, Lichfield Cathedral (English: 1410)",urn:cite:fufolio:msWycliffe,534,urn:cite:fufolio:msWycliffe.112v,verso
msWycliffe,"The Wycliffe New Testament, Lichfield Cathedral (English: 1410)",urn:cite:fufolio:msWycliffe,535,urn:cite:fufolio:msWycliffe.113r,recto
msWycliffe,"The Wycliffe New Testament, Lichfield Cathedral (English: 1410)",urn:cite:fufolio:msWycliffe,536,urn:cite:fufolio:msWycliffe.113v,verso
msWycliffe,"The Wycliffe New Testament, Lichfield Cathedral (English: 1410)",urn:cite:fufolio:msWycliffe,537,urn:cite:fufolio:msWycliffe.114r,recto
msWycliffe,"The Wycliffe New Testament, Lichfield Cathedral (English: 1410)",urn:cite:fufolio:msWycliffe,538,urn:cite:fufolio:msWycliffe.114v,verso
msWycliffe,"The Wycliffe New Testament, Lichfield Cathedral (English: 1410)",urn:cite:fufolio:msWycliffe,539,urn:cite:fufolio:msWycliffe.115r,recto
msWycliffe,"The Wycliffe New Testament, Lichfield Cathedral (English: 1410)",urn:cite:fufolio:msWycliffe,540,urn:cite:fufolio:msWycliffe.115v,verso
msWycliffe,"The Wycliffe New Testament, Lichfield Cathedral (English: 1410)",urn:cite:fufolio:msWycliffe,541,urn:cite:fufolio:msWycliffe.116r,recto
msWycliffe,"The Wycliffe New Testament, Lichfield Cathedral (English: 1410)",urn:cite:fufolio:msWycliffe,542,urn:cite:fufolio:msWycliffe.116v,verso
msWycliffe,"The Wycliffe New Testament, Lichfield Cathedral (English: 1410)",urn:cite:fufolio:msWycliffe,543,urn:cite:fufolio:msWycliffe.117r,recto
msWycliffe,"The Wycliffe New Testament, Lichfield Cathedral (English: 1410)",urn:cite:fufolio:msWycliffe,544,urn:cite:fufolio:msWycliffe.117v,verso
msWycliffe,"The Wycliffe New Testament, Lichfield Cathedral (English: 1410)",urn:cite:fufolio:msWycliffe,545,urn:cite:fufolio:msWycliffe.118r,recto
msWycliffe,"The Wycliffe New Testament, Lichfield Cathedral (English: 1410)",urn:cite:fufolio:msWycliffe,546,urn:cite:fufolio:msWycliffe.118v,verso
msWycliffe,"The Wycliffe New Testament, Lichfield Cathedral (English: 1410)",urn:cite:fufolio:msWycliffe,547,urn:cite:fufolio:msWycliffe.119r,recto
msWycliffe,"The Wycliffe New Testament, Lichfield Cathedral (English: 1410)",urn:cite:fufolio:msWycliffe,548,urn:cite:fufolio:msWycliffe.119v,verso
msWycliffe,"The Wycliffe New Testament, Lichfield Cathedral (English: 1410)",urn:cite:fufolio:msWycliffe,549,urn:cite:fufolio:msWycliffe.120r,recto
msWycliffe,"The Wycliffe New Testament, Lichfield Cathedral (English: 1410)",urn:cite:fufolio:msWycliffe,550,urn:cite:fufolio:msWycliffe.120v,verso
msWycliffe,"The Wycliffe New Testament, Lichfield Cathedral (English: 1410)",urn:cite:fufolio:msWycliffe,551,urn:cite:fufolio:msWycliffe.121r,recto
msWycliffe,"The Wycliffe New Testament, Lichfield Cathedral (English: 1410)",urn:cite:fufolio:msWycliffe,552,urn:cite:fufolio:msWycliffe.121v,verso
msWycliffe,"The Wycliffe New Testament, Lichfield Cathedral (English: 1410)",urn:cite:fufolio:msWycliffe,553,urn:cite:fufolio:msWycliffe.122r,recto
msWycliffe,"The Wycliffe New Testament, Lichfield Cathedral (English: 1410)",urn:cite:fufolio:msWycliffe,554,urn:cite:fufolio:msWycliffe.122v,verso
msWycliffe,"The Wycliffe New Testament, Lichfield Cathedral (English: 1410)",urn:cite:fufolio:msWycliffe,555,urn:cite:fufolio:msWycliffe.123r,recto
msWycliffe,"The Wycliffe New Testament, Lichfield Cathedral (English: 1410)",urn:cite:fufolio:msWycliffe,556,urn:cite:fufolio:msWycliffe.123v,verso
msWycliffe,"The Wycliffe New Testament, Lichfield Cathedral (English: 1410)",urn:cite:fufolio:msWycliffe,557,urn:cite:fufolio:msWycliffe.124r,recto
msWycliffe,"The Wycliffe New Testament, Lichfield Cathedral (English: 1410)",urn:cite:fufolio:msWycliffe,558,urn:cite:fufolio:msWycliffe.124v,verso
msWycliffe,"The Wycliffe New Testament, Lichfield Cathedral (English: 1410)",urn:cite:fufolio:msWycliffe,559,urn:cite:fufolio:msWycliffe.125r,recto
msWycliffe,"The Wycliffe New Testament, Lichfield Cathedral (English: 1410)",urn:cite:fufolio:msWycliffe,560,urn:cite:fufolio:msWycliffe.125v,verso
msWycliffe,"The Wycliffe New Testament, Lichfield Cathedral (English: 1410)",urn:cite:fufolio:msWycliffe,561,urn:cite:fufolio:msWycliffe.BackFly1r,recto
msWycliffe,"The Wycliffe New Testament, Lichfield Cathedral (English: 1410)",urn:cite:fufolio:msWycliffe,562,urn:cite:fufolio:msWycliffe.BackFly1v,verso
msWycliffe,"The Wycliffe New Testament, Lichfield Cathedral (English: 1410)",urn:cite:fufolio:msWycliffe,563,urn:cite:fufolio:msWycliffe.BackFly2r,recto
msWycliffe,"The Wycliffe New Testament, Lichfield Cathedral (English: 1410)",urn:cite:fufolio:msWycliffe,564,urn:cite:fufolio:msWycliffe.BackFly2v,verso
msWycliffe,"The Wycliffe New Testament, Lichfield Cathedral (English: 1410)",urn:cite:fufolio:msWycliffe,565,urn:cite:fufolio:msWycliffe.BackFly3r,recto
msWycliffe,"The Wycliffe New Testament, Lichfield Cathedral (English: 1410)",urn:cite:fufolio:msWycliffe,566,urn:cite:fufolio:msWycliffe.BackFly3v,verso
msWycliffe,"The Wycliffe New Testament, Lichfield Cathedral (English: 1410)",urn:cite:fufolio:msWycliffe,567,urn:cite:fufolio:msWycliffe.BackBoardr,recto
msWycliffe,"The Wycliffe New Testament, Lichfield Cathedral (English: 1410)",urn:cite:fufolio:msWycliffe,568,urn:cite:fufolio:msWycliffe.BackBoardv,verso
